param,beta
0-4,0.01607
5-9,0.01995
10-14,0.02207
15-19,0.00291
20-24,0.00205
25-29,0.00181
30-34,0.00159
35-39,0.00142
40-44,0.00118
45-49,0.00092
50-54,0.00066
55-59,0.00049
60-64,0.00035
65-69,0.00143
70-74,0.00143
75-79,0.00143
80-84,0.00143
85-89,0.00143
90-94,0.00143
95-99,0.00143
100+,0.00143
