years,past_years,investment
2017,-3,1.135081
2018,-2,1.135081
2019,-1,1.135081
