years,productivity_gr,productivity,
2020,0.004781,0.27357
2021,0.004668192069836708,0.27348740149063655
2022,0.004558045848334309,0.2733865776610773
2023,0.004450498532346026,0.2732672894120066
