age,distrib
1,5.12627214
2,7.68940822
3,3.43007916
4,8.5563513
5,8.5563513
6,4.25932906
7,3.43007916
8,2.56313607
9,5.99321523
10,4.25932906
11,1.69619299
12,2.56313607
13,1.69619299
14,3.43007916
15,4.25932906
16,1.69619299
17,5.12627214
18,2.56313607
19,5.12627214
20,3.43007916
21,3.43007916
22,2.56313607
23,5.12627214
24,3.43007916
