past_years,investment
-3,1.135081
-2,1.135081
-1,1.135081
