{
  "US": {
    "year_start": 2020,
    "year_end": 2100,
    "energy_production_detailed": null,
    "initial_electricity_demand": 18000.0,
    "long_term_elec_machine_efficiency": 0.985,
    "electricity_demand_constraint_ref": 2500.0,
    "population_df": [
      {
        "years": [
          2020,
          2021,
          2022,
          2023,
          2024,
          2025,
          2026,
          2027,
          2028,
          2029,
          2030,
          2031,
          2032,
          2033,
          2034,
          2035,
          2036,
          2037,
          2038,
          2039,
          2040,
          2041,
          2042,
          2043,
          2044,
          2045,
          2046,
          2047,
          2048,
          2049,
          2050,
          2051,
          2052,
          2053,
          2054,
          2055,
          2056,
          2057,
          2058,
          2059,
          2060,
          2061,
          2062,
          2063,
          2064,
          2065,
          2066,
          2067,
          2068,
          2069,
          2070,
          2071,
          2072,
          2073,
          2074,
          2075,
          2076,
          2077,
          2078,
          2079,
          2080,
          2081,
          2082,
          2083,
          2084,
          2085,
          2086,
          2087,
          2088,
          2089,
          2090,
          2091,
          2092,
          2093,
          2094,
          2095,
          2096,
          2097,
          2098,
          2099,
          2100
        ]
      },
      {
        "population": [
          7886.69358,
          7900.60991025,
          7914.5262405,
          7928.44257075,
          7942.3589010000005,
          7956.27523125,
          7970.1915615,
          7984.10789175,
          7998.024222,
          8011.94055225,
          8025.8568825,
          8039.77321275,
          8053.689543,
          8067.6058732500005,
          8081.5222035,
          8095.43853375,
          8109.354864,
          8123.27119425,
          8137.1875245,
          8151.10385475,
          8165.020185,
          8178.93651525,
          8192.8528455,
          8206.76917575,
          8220.685506,
          8234.60183625,
          8248.5181665,
          8262.43449675,
          8276.350827,
          8290.26715725,
          8304.1834875,
          8318.09981775,
          8332.016148,
          8345.93247825,
          8359.8488085,
          8373.765138750001,
          8387.681469,
          8401.59779925,
          8415.5141295,
          8429.43045975,
          8443.34679,
          8457.26312025,
          8471.1794505,
          8485.09578075,
          8499.012111,
          8512.92844125,
          8526.8447715,
          8540.76110175,
          8554.677432,
          8568.59376225,
          8582.5100925,
          8596.42642275,
          8610.342753,
          8624.25908325,
          8638.1754135,
          8652.09174375,
          8666.008074,
          8679.92440425,
          8693.8407345,
          8707.75706475,
          8721.673395,
          8735.58972525,
          8749.5060555,
          8763.42238575,
          8777.338716,
          8791.25504625,
          8805.1713765,
          8819.08770675,
          8833.004037,
          8846.92036725,
          8860.8366975,
          8874.753027750001,
          8888.669358,
          8902.58568825,
          8916.5020185,
          8930.41834875,
          8944.334679,
          8958.25100925,
          8972.1673395,
          8986.08366975,
          9000.0
        ]
      }
    ],
    "transport_demand": [
      {
        "years": [
          2020,
          2021,
          2022,
          2023,
          2024,
          2025,
          2026,
          2027,
          2028,
          2029,
          2030,
          2031,
          2032,
          2033,
          2034,
          2035,
          2036,
          2037,
          2038,
          2039,
          2040,
          2041,
          2042,
          2043,
          2044,
          2045,
          2046,
          2047,
          2048,
          2049,
          2050,
          2051,
          2052,
          2053,
          2054,
          2055,
          2056,
          2057,
          2058,
          2059,
          2060,
          2061,
          2062,
          2063,
          2064,
          2065,
          2066,
          2067,
          2068,
          2069,
          2070,
          2071,
          2072,
          2073,
          2074,
          2075,
          2076,
          2077,
          2078,
          2079,
          2080,
          2081,
          2082,
          2083,
          2084,
          2085,
          2086,
          2087,
          2088,
          2089,
          2090,
          2091,
          2092,
          2093,
          2094,
          2095,
          2096,
          2097,
          2098,
          2099,
          2100
        ]
      },
      {
        "transport_demand": [
          33600.0,
          33555.0,
          33510.0,
          33465.0,
          33420.0,
          33375.0,
          33330.0,
          33285.0,
          33240.0,
          33195.0,
          33150.0,
          33105.0,
          33060.0,
          33015.0,
          32970.0,
          32925.0,
          32880.0,
          32835.0,
          32790.0,
          32745.0,
          32700.0,
          32655.0,
          32610.0,
          32565.0,
          32520.0,
          32475.0,
          32430.0,
          32385.0,
          32340.0,
          32295.0,
          32250.0,
          32205.0,
          32160.0,
          32115.0,
          32070.0,
          32025.0,
          31980.0,
          31935.0,
          31890.0,
          31845.0,
          31800.0,
          31755.0,
          31710.0,
          31665.0,
          31620.0,
          31575.0,
          31530.0,
          31485.0,
          31440.0,
          31395.0,
          31350.0,
          31305.0,
          31260.0,
          31215.0,
          31170.0,
          31125.0,
          31080.0,
          31035.0,
          30990.0,
          30945.0,
          30900.0,
          30855.0,
          30810.0,
          30765.0,
          30720.0,
          30675.0,
          30630.0,
          30585.0,
          30540.0,
          30495.0,
          30450.0,
          30405.0,
          30360.0,
          30315.0,
          30270.0,
          30225.0,
          30180.0,
          30135.0,
          30090.0,
          30045.0,
          30000.0
        ]
      }
    ],
    "transport_demand_constraint_ref": 6000.0,
    "additional_demand_transport": 10.0
  },
  "UE": {
    "year_start": 2020,
    "year_end": 2100,
    "energy_production_detailed": null,
    "initial_electricity_demand": 18000.0,
    "long_term_elec_machine_efficiency": 0.985,
    "electricity_demand_constraint_ref": 2500.0,