param,disability,mortality
0-4,0.001,7.5e-05
5-9,0.002,5e-06
10-14,0.003,5e-06
15-19,0.004,1.5e-05
20-24,0.005,1.5e-05
25-29,0.006,5.2e-05
30-34,0.007,5.2e-05
35-39,0.008,0.000119
40-44,0.009,0.000119
45-49,0.01,0.000299
50-54,0.011,0.000299
55-59,0.012,0.000713
60-64,0.013,0.000713
65-69,0.014,0.001581
70-74,0.015,0.001581
75-79,0.016,0.004141
80-84,0.017,0.004141
85-89,0.018,0.012242
90-94,0.019,0.012242
95-99,0.02,0.012242
100+,0.021,0.012242
