age,distrib
1,4.14634146
2,6.2195122
3,2.77439024
4,6.92073171
5,6.92073171
6,3.44512195
7,2.77439024
8,2.07317073
9,4.84756098
10,3.44512195
11,1.37195122
12,2.07317073
13,1.37195122
14,2.77439024
15,3.44512195
16,1.37195122
17,4.14634146
18,2.07317073
19,4.14634146
20,2.77439024
21,2.77439024
22,2.07317073
23,4.14634146
24,2.77439024
25,3.44512195
26,6.2195122
27,4.1463414
28,2.77439024
29,2.5304878
