years,population
2020,7794.799
2021,7869.620465895091
2022,7944.581291979048
2023,8015.0608290705195
2024,8079.269423491713
2025,8139.3319172282045
2026,8196.716846454836
2027,8250.81698345392
2028,8302.705337396354
2029,8352.990287621938
2030,8401.91956125559
2031,8448.477655880884
2032,8492.964307901808
2033,8535.421268851384
2034,8575.326600415008
2035,8614.178795627811
2036,8652.189589838747
2037,8687.808488141005
2038,8720.804549415907
2039,8752.254583870756
2040,8782.168074701172
2041,8809.485054195085
2042,8833.376393228384
2043,8853.311431291926
2044,8871.204429863328
2045,8886.642907381713
2046,8901.396735306429
2047,8915.563668821125
2048,8926.697403822196
2049,8935.281152806796
2050,8943.240339481896
2051,8949.90077283057
2052,8955.260154685506
2053,8959.514716905425
2054,8962.417695784547
2055,8963.346655983456
2056,8963.755488587374
2057,8960.458052222746
2058,8953.267887507112
2059,8943.966229267135
2060,8932.638171414905
2061,8919.400093955574
2062,8903.772869333463
2063,8886.808519978684
2064,8868.57865287522
2065,8849.091370403343
2066,8827.818216809372
2067,8804.465384686371
2068,8779.289142106736
2069,8752.494763934272
2070,8724.260717026842
2071,8694.693904958835
2072,8663.6050207958
2073,8631.137332350265
2074,8597.30197171907
2075,8562.166560824107
2076,8525.781298434087
2077,8488.049871279936
2078,8449.049991708545
2079,8408.810827499776
2080,8367.389033404832
2081,8324.828392682562
2082,8280.96659796696
2083,8235.876563927297
2084,8189.650097820365
2085,8142.382641452398
2086,8094.180754769516
2087,8044.947802660279
2088,7994.86984995495
2089,7944.149520907927
2090,7892.99509811065
2091,7841.610796936003
2092,7790.0535920599405
2093,7738.657848296818
2094,7687.597495092081
2095,7637.004170802093
2096,7586.952776243
2097,7537.340084117754
2098,7488.17421636906
2099,7439.375307302995
2100,7390.80229548959
