past years,invest
-3,1.3581333333333335e-05
-2,1.3581333333333335e-05
-1,0.0040248
