Conventional,tight,shale,Coalbed_methane,other
3068.235294,268.2352941,564,88.23529412,11.29411765