years,population
2020,7886.69358
2021,7900.60991025
2022,7914.5262405
2023,7928.44257075
2024,7942.3589010000005
2025,7956.27523125
2026,7970.1915615
2027,7984.10789175
2028,7998.024222
2029,8011.94055225
2030,8025.8568825
2031,8039.77321275
2032,8053.689543
2033,8067.6058732500005
2034,8081.5222035
2035,8095.43853375
2036,8109.354864
2037,8123.27119425
2038,8137.1875245
2039,8151.10385475
2040,8165.020185
2041,8178.93651525
2042,8192.8528455
2043,8206.76917575
2044,8220.685506
2045,8234.60183625
2046,8248.5181665
2047,8262.43449675
2048,8276.350827
2049,8290.26715725
2050,8304.1834875
2051,8318.09981775
2052,8332.016148
2053,8345.93247825
2054,8359.8488085
2055,8373.765138750001
2056,8387.681469
2057,8401.59779925
2058,8415.5141295
2059,8429.43045975
2060,8443.34679
2061,8457.26312025
2062,8471.1794505
2063,8485.09578075
2064,8499.012111
2065,8512.92844125
2066,8526.8447715
2067,8540.76110175
2068,8554.677432
2069,8568.59376225
2070,8582.5100925
2071,8596.42642275
2072,8610.342753
2073,8624.25908325
2074,8638.1754135
2075,8652.09174375
2076,8666.008074
2077,8679.92440425
2078,8693.8407345
2079,8707.75706475
2080,8721.673395
2081,8735.58972525
2082,8749.5060555
2083,8763.42238575
2084,8777.338716
2085,8791.25504625
2086,8805.1713765
2087,8819.08770675
2088,8833.004037
2089,8846.92036725
2090,8860.8366975
2091,8874.753027750001
2092,8888.669358
2093,8902.58568825
2094,8916.5020185
2095,8930.41834875
2096,8944.334679
2097,8958.25100925
2098,8972.1673395
2099,8986.08366975
2100,9000.0
